{
    "loss": 0.7442736625671387,
    "accuracy": 0.9249132871627808
}